{"r_squared": 0.7985448664084985, "rmse": 4664.505211862423}