{"r_squared": 0.891709884794656, "rmse": 3419.8796358381746}