{"r_squared": 0.975407668656503, "rmse": 1629.7322665442148}